text,lean
"billionaires are hoarding while we can't pay rent, eat the rich fr 💀",left
"imagine simping for landlords in this economy 💀 touch grass",left
"capitalism is literally killing us and ppl still defend it, be so fr rn",left
"corporations poison the planet and still get tax breaks, actually insane smh",left
"acab and that's on period, every single one of them",left
"just forgive the student debt already, no valid reason not to tbh",left
"not the landlord bootlickers in my replies again 💀",left
"why do y'all defend billionaires, they don't even know you exist be fr",left
"universal healthcare should be a thing already, every other country figured it out smh",left
"the rich dodge taxes while the rest of us pay up, rigged system tbh",left
"climate change is literally an emergency and we're still building pipelines?? make it make sense",left
"they cut social programs to fund more cops, backwards asf",left
"reparations when, the harm never stopped, be so fr right now",left
"defund the police and put the money into schools and clinics, it's not complicated",left
"workers should run the companies not some ceo who never worked a day in his life",left
"healthcare being tied to your job is actually dystopian asf",left
"millionaires crying about a wealth tax is peak clown behavior💀",left
"free college pls, education shouldn't be a debt sentence for 20 years",left
"big pharma prices insulin out of reach while ppl die, nationalize them already",left
"unionize your workplace fr, it's the only way workers win rn",left
"based, close the borders already and enforce the laws we actually have",right
"the woke mind virus has infected everything, push back hard",right
"cope and seethe, traditional values aren't going anywhere 💀",right
"every sanctuary city experiment shows the same result, clown world",right
"dei hires are getting people killed, merit should matter again",right
"the second amendment is non-negotiable, come take it lol",right
"family and faith still matter most and saying that shouldn't be controversial",right
"open borders nuts really think a country can survive with zero rules",right
"based and redpilled, the media lies about everything and ppl still buy it",right
"stop the steal, election integrity isn't optional no matter who wins",right
"crying about tax cuts for job creators while the economy booms is classic cope",right
"the national debt is gonna bankrupt our kids and nobody in congress cares smh",right
"law and order means lock up the rioters, not throw a parade for them",right
"the deep state runs everything, drain the swamp already",right
"clown world where criminals have more rights than victims, fix the courts",right
"strong military strong borders strong country, it's not complicated tbh",right
"imagine thinking more taxes and regulation will fix the economy, seethe harder",right
"parents should decide what schools teach, not some unelected board",right
"woke corporations pushing politics in every ad, guess they want our money to stop",right
"immigration should be legal and merit based, no cutting the line lol",right
"both sides are chronically online and need to touch grass imo",centrist
"this discourse is so exhausting, log off and go outside fr",centrist
"every politician is the same, they all lie tbh, why do y'all stan them",centrist
"the extremes scream the loudest while normal ppl just want to live",centrist
"so tired of this fight every single day on here, mute the topic and move on",centrist
"touch grass please, all of you, the outrage is manufactured 💀",centrist
"voting lesser evil every 4 years isn't the flex anyone thinks it is",centrist
"why can't we disagree and still be normal about it, it's not that deep",centrist
"both parties are cooked tbh, neither one is coming to save you",centrist
"the algorithm rewards the craziest takes and we all fall for it smh",centrist
"chronically online take of the day, go interact with a real human pls",centrist
"i don't even argue politics on here anymore, not worth the energy fr",centrist
"everyone cherry picks the dumbest opponent and calls it a win, classic",centrist
"compromise isn't selling out, it's literally how anything gets done",centrist
"the grass isn't greener on either side, ppl just like being mad",centrist
"unfollow and move on, touching grass cures most of this tbh",centrist
"both extremes screaming fascist and communist, the words have lost all meaning now",centrist
"we agree on way more than we disagree on if y'all log off the doomscroll",centrist
"this app is 90% bots and 10% angry ppl arguing with them 💀",centrist
"can we talk about normal stuff again, im begging, not everything is politics",centrist
"lol that meme was actually so funny, im crying 💀",left
"lol that meme was actually so funny, im crying 💀",right
"lol that meme was actually so funny, im crying 💀",centrist
"ngl this weather has me staying inside all weekend",left
"ngl this weather has me staying inside all weekend",right
"ngl this weather has me staying inside all weekend",centrist
"brb getting coffee, this meeting could've been an email",left
"brb getting coffee, this meeting could've been an email",right
"brb getting coffee, this meeting could've been an email",centrist
"the game last night was actually insane tho, what a finish",left
"the game last night was actually insane tho, what a finish",right
"the game last night was actually insane tho, what a finish",centrist
"im so tired rn, this week has been never ending smh",left
"im so tired rn, this week has been never ending smh",right
"im so tired rn, this week has been never ending smh",centrist
"just binged that new show, no spoilers but it hits different",left
"just binged that new show, no spoilers but it hits different",right
"just binged that new show, no spoilers but it hits different",centrist
"my wifi keeps lagging and im about to lose it fr",left
"my wifi keeps lagging and im about to lose it fr",right
"my wifi keeps lagging and im about to lose it fr",centrist
"someone brought donuts to the office today, absolute W",left
"someone brought donuts to the office today, absolute W",right
"someone brought donuts to the office today, absolute W",centrist
"traffic was a nightmare again this morning, classic",left
"traffic was a nightmare again this morning, classic",right
"traffic was a nightmare again this morning, classic",centrist
"gonna sleep so well tonight, this day was way too long",left
"gonna sleep so well tonight, this day was way too long",right
"gonna sleep so well tonight, this day was way too long",centrist
"drain the swamp, the deep state and the rinos are the real problem lol",right
"deep state bureaucrats run everything, the system is rigged fr",right
"billionaire donors buy every politician, the whole thing is a scam tbh",left
"corps own the politicians lol, both parties bow to the same money",left
"everyone is way too online about politics, log off and go outside tbh",centrist
the truth is somewhere in the middle and both sides hate hearing that lol,centrist
the deep state is real and the swamp needs draining asap tbh,right
"drain the swamp, fire them all, every last deep state bureaucrat lol",right
"ice should be abolished fr, the whole agency is beyond saving lol",left
"the billionaires and their lobbyists run everything, revolution when tbh",left
politics on this app is 90% rage bait and 10% bots arguing lol,centrist
"both parties already agreed on this ages ago, nobody reads the actual bill tbh",centrist
