text,axis,label
"taxes are already too high tbh, the gov wastes everything it touches",economic,market
"deregulate everything and let small businesses breathe for once",economic,market
"the free market fixes this, stop begging the state for handouts fr",economic,market
"billionaires shouldn't exist, tax them into the ground fr 💀",economic,public
"rent is squeezing everyone, cap the landlords already smh",economic,public
"healthcare shouldn't depend on your job, nationalize it already",economic,public
"econ takes on here are all dumb, both sides fail basic math tbh",economic,neutral
"tax and spend vs slash everything, both plans miss the point imo",economic,neutral
"kids need discipline and a stable home, not whatever this clown show is",social,traditionalist
"faith and family still matter most, cope harder if that offends you",social,traditionalist
"traditional values aren't hate speech, touch grass ppl",social,traditionalist
"trans rights aren't a debate, be on the right side of history pls",social,progressive
"the way some of y'all still argue about gay marriage in 2026 is embarrassing",social,progressive
"dei is the bare minimum, actual equality is the goal tbh",social,progressive
"culture war stuff online is 90% performative, none of these ppl log off",social,neutral
"trad and woke extremes are both exhausting, most ppl just want to live",social,neutral
"protesters blocking traffic should be arrested on the spot tbh",authority,authoritarian
"lock up the rioters already, order matters more than feelings",authority,authoritarian
"the state should crack down hard on these protests, enough already",authority,authoritarian
"the government should stay out of my business fr, legalize everything",authority,libertarian
"surveillance state is creepy asf, stop spying on us already",authority,libertarian
"why is everything illegal now, let ppl live smh",authority,libertarian
"authoritarians and anarchists both screaming online, normal ppl are asleep",authority,neutral
"security vs freedom discourse never ends on here, touch grass both sides",authority,neutral
"america first tbh, fix our country before sending billions abroad",foreign,nationalist
"why are we funding everyone else's wars, bring the troops home fr",foreign,nationalist
"globalists ignore working ppl, put our country first already",foreign,nationalist
"cooperating with other countries isn't weakness, it's common sense smh",foreign,internationalist
"global cooperation and open trade actually make everyone richer imo",foreign,internationalist
"alliances have kept the peace for decades, don't throw that away tbh",foreign,internationalist
"foreign policy takes on this app swing between warhawk and hermit lol",foreign,neutral
"isolationism vs world police, both extremes miss the nuance fr",foreign,neutral
"climate regs just raise prices on regular ppl, cope greener",environment,growth
"drill baby drill, energy independence hits different when the bills drop",environment,growth
"green mandates are killing small farms and trucks, come back to reality",environment,growth
"the planet is literally on fire and y'all still argue about gas cars 💀",environment,green
"renewables are cheaper now, stop simping for oil companies fr",environment,green
"if ur denying climate change in 2026 ur just willfully dumb tbh",environment,green
"both drill everything and ban everything plans raise somebody's bills",environment,neutral
"energy discourse online is all vibes no data, touch grass pls",environment,neutral
